,SimulatedAnnealing,SimulatedAnnealing_time,RandomSearch,RandomSearch_time,IP,IP_time,hyperheuristic,hyperheuristic_time,default,min_weight,max_value,max_ratio,max_weight,min_value,min_ratio
0,4054.0,0.0016000999999996601,5233.0,0.0005551999999999779,9147.0,0.009756799999999899,8693.0,3.6950208,0,14,0,0,0,1,0
1,5441.0,0.0014639000000000735,6599.0,0.0010057000000003313,11238.0,0.0122618000000001,11227.0,3.1921683000000005,0,23,0,2,0,6,3
2,14008.0,0.006646599999999836,12553.0,0.00497879999999995,28857.0,0.018806599999999563,25842.0,4.3246813,0,52,0,2,0,6,1
