,default,default_time,min_weight,min_weight_time,max_value,max_value_time,max_ratio,max_ratio_time,SimulatedAnnealing,SimulatedAnnealing_time,RandomSearch,RandomSearch_time,Hyperheuristic,Hyperheuristic_time,MILP,MILP_time
0,745.0,0.00037290000000211876,546.0,0.000446199999998953,473.0,0.00025219999997716513,665.0,0.000446899999985817,696.9,0.00301662000000249,701.1,0.0008436600000038652,726.1,6.0528330499999985,751.0,0.009034499999984291
